{
  "query_count": 300,
  "no_qrels_query_count": 0,
  "recall@5": 0.3533714433714434,
  "recall@10": 0.4315158637658638,
  "recall@40": 0.5395206136456137,
  "mrr@10": 0.7386917989417989,
  "ndcg@10": 0.5156736664456991,
  "hit@5": 0.8833333333333333,
  "hit@40": 0.9633333333333334,
  "recall_new@40": 0.6876071428571429
}