{
  "query_count": 300,
  "no_qrels_query_count": 0,
  "recall@5": 0.4725039682539683,
  "recall_new@5": 0.4725039682539683,
  "recall@10": 0.5679761904761904,
  "recall_new@10": 0.5679761904761904,
  "recall@40": 0.6876071428571429,
  "recall_new@40": 0.6876071428571429,
  "mrr@10": 0.7386917989417989,
  "ndcg@10": 0.5156736664456991,
  "hit@1": 0.6333333333333333,
  "hit@5": 0.8833333333333333,
  "hit@10": 0.9266666666666666,
  "hit@40": 0.9633333333333334
}