{
  "query_count": 61,
  "no_qrels_query_count": 7,
  "recall@5": 0.03551912568306011,
  "recall@10": 0.03756830601092896,
  "recall@20": 0.04084699453551913,
  "recall@40": 0.05141165755919854,
  "recall@100": 0.05141165755919854,
  "mrr@10": 0.055191256830601096,
  "mrr@20": 0.05645229087852039,
  "mrr@40": 0.05893036044497199,
  "ndcg@10": 0.0386603576551133,
  "ndcg@20": 0.04012068995377288,
  "ndcg@40": 0.041677116434436286
}