{
  "query_count": 1,
  "no_qrels_query_count": 0,
  "recall@10": 1.0,
  "recall@40": 1.0,
  "mrr@10": 0.16666666666666666,
  "ndcg@10": 0.411833840435435,
  "hit@5": 0.0,
  "hit@40": 1.0,
  "candidate_hit@40": 1.0,
  "candidate_recall@40": 1.0,
  "final_hit@5": 0.0,
  "final_recall@10": 1.0
}