{
    "query_count":  300,
    "no_qrels_query_count":  0,
    "recall@5":  0.3021345367595368,
    "recall@10":  0.4896,
    "recall@20":  0.43804428904428905,
    "recall@40":  0.651,
    "mrr@10":  0.656808201058201,
    "mrr@20":  0.6594163948080357,
    "mrr@40":  0.6601940896171706,
    "ndcg@10":  0.44219712887592444,
    "ndcg@20":  0.46651353108645965,
    "ndcg@40":  0.4786402758544088,
    "hit@5":  0.8133333333333334,
    "hit@10":  0.8833333333333333
}
