{
    "query_count":  300,
    "no_qrels_query_count":  0,
    "recall@5":  0.3154693732193732,
    "recall@10":  0.5162,
    "recall@20":  0.44953767528767524,
    "recall@40":  0.6772,
    "recall@100":  0.7712,
    "mrr@10":  0.6301706349206349,
    "mrr@20":  0.6333354747104747,
    "mrr@40":  0.6348039735358576,
    "ndcg@10":  0.44042821593235343,
    "ndcg@20":  0.4657476100698084,
    "ndcg@40":  0.4893375143110091,
    "hit@5":  0.8033333333333333,
    "hit@40":  0.9633333333333334,
    "recall_new@40":  0.6772261904761905
}
