{
  "query_count": 300,
  "no_qrels_query_count": 0,
  "recall@5": 0.49040873015873016,
  "recall_new@5": 0.49040873015873016,
  "recall@10": 0.5823888888888888,
  "recall_new@10": 0.5823888888888888,
  "recall@40": 0.7666230158730158,
  "recall_new@40": 0.7666230158730158,
  "mrr@10": 0.8028174603174604,
  "ndcg@10": 0.6022858620635952,
  "hit@1": 0.6966666666666667,
  "hit@5": 0.94,
  "hit@10": 0.9733333333333334,
  "hit@40": 0.9933333333333333
}