{
    "query_count":  300,
    "no_qrels_query_count":  0,
    "recall@5":  0.19700971713471713,
    "recall@10":  0.3711,
    "recall@20":  0.30844207644207644,
    "recall@40":  0.5222,
    "recall@100":  0.4612578301328301,
    "mrr@10":  0.4382208994708995,
    "mrr@20":  0.4453002008168417,
    "mrr@40":  0.4478949137925945,
    "ndcg@10":  0.28013839245905015,
    "ndcg@20":  0.3024314646959914,
    "ndcg@40":  0.32159328481496857,
    "hit@5":  0.5666666666666667,
    "hit@10":  0.6866666666666666
}
