{
    "query_count":  300,
    "no_qrels_query_count":  0,
    "recall@5":  0.363229390979391,
    "recall@10":  0.4292,
    "recall@40":  0.6733,
    "mrr@10":  0.7531984126984127,
    "ndcg@10":  0.5226582428084728,
    "hit@5":  0.8966666666666666,
    "hit@40":  0.97,
    "recall_new@40":  0.6733412698412699
}
