{
  "query_count": 300,
  "no_qrels_query_count": 0,
  "recall@5": 0.4798174603174603,
  "recall_new@5": 0.4798174603174603,
  "recall@10": 0.5581190476190476,
  "recall_new@10": 0.5581190476190476,
  "recall@40": 0.6733412698412699,
  "recall_new@40": 0.6733412698412699,
  "mrr@10": 0.7531984126984127,
  "ndcg@10": 0.5226582428084728,
  "hit@1": 0.65,
  "hit@5": 0.8966666666666666,
  "hit@10": 0.9333333333333333,
  "hit@40": 0.97
}