{
    "query_count":  300,
    "no_qrels_query_count":  0,
    "recall@5":  0.35487597587597586,
    "recall@10":  0.4422,
    "recall@40":  0.7926,
    "mrr@10":  0.737834656084656,
    "ndcg@10":  0.5172142876310182,
    "hit@5":  0.8766666666666667,
    "hit@40":  0.9666666666666667,
    "recall_new@40":  0.7925674603174603
}
