{
  "query_count": 300,
  "no_qrels_query_count": 0,
  "recall@5": 0.47848015873015876,
  "recall_new@5": 0.47848015873015876,
  "recall@10": 0.5829880952380952,
  "recall_new@10": 0.5829880952380952,
  "recall@40": 0.7925674603174603,
  "recall_new@40": 0.7925674603174603,
  "mrr@10": 0.737834656084656,
  "ndcg@10": 0.5172142876310182,
  "hit@1": 0.64,
  "hit@5": 0.8766666666666667,
  "hit@10": 0.92,
  "hit@40": 0.9666666666666667
}