{
  "query_count": 1,
  "no_qrels_query_count": 0,
  "recall@5": 0.5,
  "recall@10": 0.5,
  "recall@20": 1.0,
  "recall@40": 1.0,
  "mrr@10": 1.0,
  "mrr@20": 1.0,
  "mrr@40": 1.0,
  "ndcg@10": 0.6131471927654584,
  "ndcg@20": 0.7700871371433882,
  "ndcg@40": 0.7700871371433882
}