{
  "query_count": 300,
  "no_qrels_query_count": 50,
  "recall@10": 0.426964098809687,
  "recall@40": 0.6812142503466033,
  "mrr@10": 0.6280224867724867,
  "ndcg@10": 0.4621321955733685,
  "hit@5": 0.83,
  "hit@40": 0.9833333333333333,
  "candidate_hit@40": 0.9833333333333333,
  "candidate_recall@40": 0.6812142503466033,
  "final_hit@5": 0.83,
  "final_recall@10": 0.426964098809687
}