{
  "query_count": 300,
  "no_qrels_query_count": 0,
  "recall@10": 0.4582607161357161,
  "recall@40": 0.666249296999297,
  "mrr@10": 0.714755291005291,
  "ndcg@10": 0.5149804863879072,
  "hit@5": 0.8933333333333333,
  "hit@40": 0.9733333333333334,
  "candidate_hit@40": 0.9733333333333334,
  "candidate_recall@40": 0.666249296999297,
  "final_hit@5": 0.8933333333333333,
  "final_recall@10": 0.4582607161357161
}