{
  "query_count": 300,
  "no_qrels_query_count": 50,
  "recall@10": 0.426964098809687,
  "recall@40": 0.68088091701327,
  "mrr@10": 0.6280224867724867,
  "ndcg@10": 0.4620172700680078,
  "hit@5": 0.83,
  "hit@40": 0.9833333333333333,
  "candidate_hit@40": 0.9833333333333333,
  "candidate_recall@40": 0.68088091701327,
  "final_hit@5": 0.83,
  "final_recall@10": 0.426964098809687
}