{
  "query_count": 5,
  "no_qrels_query_count": 0,
  "recall@5": 0.28968253968253965,
  "recall@10": 0.5301587301587302,
  "recall@20": 0.7714285714285715,
  "recall@40": 0.7936507936507937,
  "recall@100": 0.8380952380952381,
  "mrr@10": 0.5900000000000001,
  "mrr@20": 0.5900000000000001,
  "mrr@40": 0.5900000000000001,
  "ndcg@10": 0.48657588063150126,
  "ndcg@20": 0.6056316136849313,
  "ndcg@40": 0.6109826251473363
}