{
  "query_count": 300,
  "no_qrels_query_count": 0,
  "recall@1": 0.1618272977022977,
  "recall@5": 0.31971853146853146,
  "recall@10": 0.39312726162726164,
  "recall@20": 0.4673018185518185,
  "recall@40": 0.542031833906834,
  "recall@100": 0.6310527343027342,
  "mrr@1": 0.5566666666666666,
  "mrr@5": 0.6629444444444444,
  "mrr@10": 0.6731150793650793,
  "mrr@20": 0.6766130479570882,
  "mrr@40": 0.6772169445435935,
  "mrr@100": 0.6775776206239236,
  "ndcg@1": 0.5538095238095238,
  "ndcg@5": 0.4283754344013973,
  "ndcg@10": 0.45729593875697144,
  "ndcg@20": 0.48879543231680456,
  "ndcg@40": 0.5122801386501712,
  "ndcg@100": 0.5344907971720617,
  "hit@1": 0.5566666666666666,
  "hit@5": 0.83,
  "hit@10": 0.9033333333333333,
  "hit@20": 0.9533333333333334,
  "hit@40": 0.97,
  "hit@100": 0.9933333333333333,
  "recall_new@40": 0.6725079365079365
}