{
  "query_count": 300,
  "no_qrels_query_count": 50,
  "recall@5": 0.2431032407135348,
  "recall@10": 0.3411346643552526,
  "recall@20": 0.4297783507342331,
  "recall@40": 0.5302347198008962,
  "recall@100": 0.6566019584990174,
  "mrr@10": 0.5094854497354497,
  "mrr@20": 0.5155899378399378,
  "mrr@40": 0.5184217155421736,
  "ndcg@10": 0.3658647086558716,
  "ndcg@20": 0.4072498790338057,
  "ndcg@40": 0.44349364002137226
}