{
  "query_count": 300,
  "no_qrels_query_count": 0,
  "recall@5": 0.4143611111111111,
  "recall_new@5": 0.4143611111111111,
  "recall@10": 0.5058214285714285,
  "recall_new@10": 0.5058214285714285,
  "recall@20": 0.5955674603174603,
  "recall_new@20": 0.5955674603174603,
  "recall@40": 0.6806388888888889,
  "recall_new@40": 0.6806388888888889,
  "recall@100": 0.7895396825396825,
  "recall_new@100": 0.7895396825396825,
  "mrr@10": 0.6468068783068783,
  "mrr@20": 0.6508485105509099,
  "mrr@40": 0.6514863433942025,
  "ndcg@10": 0.462843786817381,
  "ndcg@20": 0.5000946067583083,
  "ndcg@40": 0.530194624769174,
  "hit@5": 0.8166666666666667,
  "hit@10": 0.89
}