{
  "query_count": 300,
  "no_qrels_query_count": 0,
  "recall@5": 0.3596037296037296,
  "recall@10": 0.4522480667480667,
  "recall@40": 0.666249296999297,
  "mrr@10": 0.753989417989418,
  "ndcg@10": 0.5327931366359308,
  "hit@5": 0.8933333333333333,
  "hit@40": 0.9733333333333334,
  "recall_new@40": 0.797281746031746
}