{
  "query_count": 300,
  "no_qrels_query_count": 0,
  "recall@5": 0.4817142857142857,
  "recall_new@5": 0.4817142857142857,
  "recall@10": 0.5894722222222222,
  "recall_new@10": 0.5894722222222222,
  "recall@40": 0.797281746031746,
  "recall_new@40": 0.797281746031746,
  "mrr@10": 0.753989417989418,
  "ndcg@10": 0.5327931366359308,
  "hit@1": 0.65,
  "hit@5": 0.8933333333333333,
  "hit@10": 0.9433333333333334,
  "hit@40": 0.9733333333333334
}