{
    "query_count":  300,
    "no_qrels_query_count":  0,
    "recall@5":  0.3140804843304843,
    "recall@10":  0.5155,
    "recall@20":  0.43405342805342806,
    "recall@40":  0.6498,
    "mrr@10":  0.6334444444444445,
    "mrr@20":  0.6365315805482215,
    "mrr@40":  0.6369613565693019,
    "ndcg@10":  0.43719679691277546,
    "ndcg@20":  0.45855094086086834,
    "ndcg@40":  0.46858838796055086,
    "hit@5":  0.8066666666666666,
    "hit@10":  0.8866666666666667
}
