{
  "query_count": 61,
  "no_qrels_query_count": 7,
  "recall@10": 0.410491193687915,
  "recall@40": 0.6349094894176862,
  "mrr@10": 0.6113843351548269,
  "ndcg@10": 0.44692887473061776,
  "hit@5": 0.819672131147541,
  "hit@40": 0.9508196721311475,
  "candidate_hit@40": 0.9508196721311475,
  "candidate_recall@40": 0.6349094894176862,
  "final_hit@5": 0.819672131147541,
  "final_recall@10": 0.410491193687915
}