{
    "query_count":  300,
    "no_qrels_query_count":  0,
    "recall@5":  0.3077877566877567,
    "recall@10":  0.4677,
    "recall@40":  0.7627,
    "mrr@10":  0.7292394179894179,
    "ndcg@10":  0.4646699712828605,
    "hit@5":  0.8833333333333333,
    "hit@40":  0.9833333333333333,
    "recall_new@40":  0.7626507936507937
}
