{
  "query_count": 300,
  "no_qrels_query_count": 0,
  "recall@5": 0.47046428571428567,
  "recall_new@5": 0.47046428571428567,
  "recall@10": 0.5437896825396825,
  "recall_new@10": 0.5437896825396825,
  "recall@40": 0.7626507936507937,
  "recall_new@40": 0.7626507936507937,
  "mrr@10": 0.7292394179894179,
  "ndcg@10": 0.4646699712828605,
  "hit@1": 0.6233333333333333,
  "hit@5": 0.8833333333333333,
  "hit@10": 0.9266666666666666,
  "hit@40": 0.9833333333333333
}