{
  "query_count": 287,
  "no_qrels_query_count": 43,
  "recall@5": 0.2829661241768986,
  "recall@10": 0.36694185920251443,
  "recall@20": 0.4460919646007725,
  "recall@40": 0.5446262313406142,
  "recall@100": 0.654964259325701,
  "mrr@10": 0.5740501078480172,
  "mrr@20": 0.5782213714053716,
  "mrr@40": 0.5797068392422158,
  "ndcg@10": 0.4110918330286903,
  "ndcg@20": 0.44537212978459684,
  "ndcg@40": 0.48122830859672316
}