{
  "query_count": 300,
  "no_qrels_query_count": 0,
  "recall@10": 0.477615638990639,
  "recall@40": 0.6855447931697931,
  "mrr@10": 0.7363928571428572,
  "ndcg@10": 0.5367368689892806,
  "hit@5": 0.8866666666666667,
  "hit@40": 0.9966666666666667,
  "recall_new@40": 0.7758333333333334,
  "candidate_hit@40": 0.9966666666666667,
  "candidate_recall@40": 0.6855447931697931,
  "final_hit@5": 0.8866666666666667,
  "final_recall@10": 0.477615638990639
}