{
  "query_count": 10,
  "no_qrels_query_count": 0,
  "recall@5": 0.32857142857142857,
  "recall@10": 0.40285714285714286,
  "recall@20": 0.5254761904761904,
  "recall@40": 0.585,
  "recall@100": 0.6192857142857143,
  "mrr@10": 0.7069444444444445,
  "mrr@20": 0.7069444444444445,
  "mrr@40": 0.7069444444444445,
  "ndcg@10": 0.47220583791248805,
  "ndcg@20": 0.5216754948443023,
  "ndcg@40": 0.532272747885441
}