{
  "query_count": 300,
  "no_qrels_query_count": 0,
  "recall@5": 0.3614202583908466,
  "recall@10": 0.44236786171345,
  "recall@40": 0.559043756624639,
  "mrr@10": 0.7004166666666667,
  "ndcg@10": 0.5248769317955316,
  "hit@5": 0.87,
  "hit@40": 0.97,
  "recall_new@40": 0.6601150793650794
}