{
  "query_count": 300,
  "no_qrels_query_count": 0,
  "recall@5": 0.4514047619047619,
  "recall_new@5": 0.4514047619047619,
  "recall@10": 0.5301825396825397,
  "recall_new@10": 0.5301825396825397,
  "recall@40": 0.6601150793650794,
  "recall_new@40": 0.6601150793650794,
  "mrr@10": 0.7004166666666667,
  "ndcg@10": 0.5248769317955316,
  "hit@1": 0.5666666666666667,
  "hit@5": 0.87,
  "hit@10": 0.9433333333333334,
  "hit@40": 0.97
}