{
  "query_count": 287,
  "no_qrels_query_count": 43,
  "recall@10": 0.4240525245785144,
  "recall@40": 0.6505072576704994,
  "mrr@10": 0.6960607820363918,
  "ndcg@10": 0.4727801092536725,
  "hit@5": 0.8501742160278746,
  "hit@40": 0.9721254355400697,
  "candidate_hit@40": 0.9721254355400697,
  "candidate_recall@40": 0.6505072576704994,
  "final_hit@5": 0.8501742160278746,
  "final_recall@10": 0.4240525245785144
}