{
  "query_count": 300,
  "no_qrels_query_count": 0,
  "recall@40": 0.5355869547119547,
  "mrr@10": 0.5848915343915344,
  "ndcg@10": 0.4088645856612054
}