{
  "query_count": 300,
  "no_qrels_query_count": 50,
  "recall@10": 0.34182800873025554,
  "recall@40": 0.568327222854113,
  "mrr@10": 0.602558201058201,
  "ndcg@10": 0.4131667750918007,
  "hit@5": 0.75,
  "hit@40": 0.9666666666666667,
  "candidate_hit@40": 0.9666666666666667,
  "candidate_recall@40": 0.568327222854113,
  "final_hit@5": 0.75,
  "final_recall@10": 0.34182800873025554
}