{
  "query_count": 300,
  "no_qrels_query_count": 0,
  "recall@10": 0.4522691937691938,
  "recall@40": 0.6607787212787213,
  "mrr@10": 0.7133478835978836,
  "ndcg@10": 0.5125630225351107,
  "hit@5": 0.8866666666666667,
  "hit@40": 0.98,
  "candidate_hit@40": 0.98,
  "candidate_recall@40": 0.6607787212787213,
  "final_hit@5": 0.8866666666666667,
  "final_recall@10": 0.4522691937691938
}