{
  "query_count": 300,
  "no_qrels_query_count": 0,
  "recall@5": 0.3981265308765309,
  "recall@10": 0.5052782032782033,
  "recall@40": 0.6670639545639545,
  "mrr@10": 0.6819854497354497,
  "ndcg@10": 0.548304440014811,
  "hit@1": 0.52,
  "hit@5": 0.8933333333333333,
  "hit@10": 0.9466666666666667,
  "hit@40": 0.98,
  "recall_new@40": 0.7026746031746032
}