{
  "query_count": 61,
  "no_qrels_query_count": 7,
  "recall@5": 0.22803799115274523,
  "recall@10": 0.2846185611331727,
  "recall@20": 0.31145957076106756,
  "recall@40": 0.34155975291043,
  "mrr@10": 0.4646174863387978,
  "mrr@20": 0.46793573671587174,
  "mrr@40": 0.46954982497412584,
  "ndcg@10": 0.3147302609817245,
  "ndcg@20": 0.3291637558734338,
  "ndcg@40": 0.33601390080591303
}