{
  "query_count": 300,
  "no_qrels_query_count": 0,
  "recall@5": 0.3575931475931476,
  "recall@10": 0.4450918618418619,
  "recall@40": 0.6624739242239241,
  "mrr@10": 0.7485489417989418,
  "ndcg@10": 0.5229089084323342,
  "hit@5": 0.8866666666666667,
  "hit@40": 0.9633333333333334,
  "recall_new@40": 0.7937738095238096
}