{
  "query_count": 300,
  "no_qrels_query_count": 0,
  "recall@5": 0.4810952380952381,
  "recall_new@5": 0.4810952380952381,
  "recall@10": 0.5878214285714285,
  "recall_new@10": 0.5878214285714285,
  "recall@40": 0.7937738095238096,
  "recall_new@40": 0.7937738095238096,
  "mrr@10": 0.7485489417989418,
  "ndcg@10": 0.5229089084323342,
  "hit@1": 0.65,
  "hit@5": 0.8866666666666667,
  "hit@10": 0.9266666666666666,
  "hit@40": 0.9633333333333334
}