{
  "query_count": 300,
  "no_qrels_query_count": 0,
  "recall@1": 0.1476712962962963,
  "recall@5": 0.28505601343101344,
  "recall@10": 0.3680922087172087,
  "recall@20": 0.441941452066452,
  "recall@40": 0.5355869547119547,
  "recall@100": 0.6319046092796092,
  "mrr@1": 0.47,
  "mrr@5": 0.5717222222222222,
  "mrr@10": 0.5848915343915344,
  "mrr@20": 0.5897533135365953,
  "mrr@40": 0.5913533308854438,
  "mrr@100": 0.5917139102064908,
  "ndcg@1": 0.4652380952380953,
  "ndcg@5": 0.37338503512485544,
  "ndcg@10": 0.4088645856612054,
  "ndcg@20": 0.43803815457820944,
  "ndcg@40": 0.4679852075708276,
  "ndcg@100": 0.4940084757823332,
  "hit@1": 0.47,
  "hit@5": 0.7533333333333333,
  "hit@10": 0.85,
  "hit@20": 0.92,
  "hit@40": 0.96,
  "hit@100": 0.9833333333333333
}