{
  "query_count": 300,
  "no_qrels_query_count": 50,
  "recall@5": 0.3165804843304843,
  "recall@10": 0.38740756465756465,
  "recall@20": 0.45064878639878636,
  "recall@40": 0.5283016844266845,
  "recall@100": 0.6178387954637954,
  "mrr@10": 0.6335039682539683,
  "mrr@20": 0.636668808043808,
  "mrr@40": 0.6380420687739529,
  "ndcg@10": 0.44236756725151033,
  "ndcg@20": 0.4677036535351371,
  "ndcg@40": 0.4913632317270185
}