{
    "query_count":  300,
    "no_qrels_query_count":  0,
    "recall@5":  0.2843511072261072,
    "recall@10":  0.4829,
    "recall@20":  0.44285279072779077,
    "recall@40":  0.6818,
    "recall@100":  0.6122099613349613,
    "mrr@10":  0.5955529100529101,
    "mrr@20":  0.6000264140744016,
    "mrr@40":  0.6015539871164297,
    "ndcg@10":  0.403114312416789,
    "ndcg@20":  0.4355966796381354,
    "ndcg@40":  0.4602761720143232,
    "hit@5":  0.77,
    "hit@10":  0.84
}
