{
  "query_count": 61,
  "no_qrels_query_count": 7,
  "recall@10": 0.45255878001779637,
  "recall@40": 0.6319261339753143,
  "mrr@10": 0.7250195160031225,
  "ndcg@10": 0.5097089048308455,
  "hit@5": 0.8852459016393442,
  "hit@40": 0.9672131147540983,
  "candidate_hit@40": 0.9672131147540983,
  "candidate_recall@40": 0.6319261339753143,
  "final_hit@5": 0.8852459016393442,
  "final_recall@10": 0.45255878001779637
}