{
  "query_count": 287,
  "no_qrels_query_count": 43,
  "recall@5": 0.2808352953686326,
  "recall@10": 0.34916742297776365,
  "recall@20": 0.43523960985096555,
  "recall@40": 0.5069796840146921,
  "recall@100": 0.5993136288175142,
  "mrr@10": 0.6019716829821359,
  "mrr@20": 0.6063571034219949,
  "mrr@40": 0.6078086896447884,
  "ndcg@10": 0.40188042372287097,
  "ndcg@20": 0.4329234686932736,
  "ndcg@40": 0.4571292141131393
}