{
  "query_count": 61,
  "no_qrels_query_count": 7,
  "recall@5": 0.2971970494066004,
  "recall@10": 0.3744023577594497,
  "recall@20": 0.4564541402210682,
  "recall@40": 0.48033889963683263,
  "mrr@10": 0.6419789227166276,
  "mrr@20": 0.6431498829039812,
  "mrr@40": 0.6431498829039812,
  "ndcg@10": 0.4361010661449496,
  "ndcg@20": 0.4652070222831276,
  "ndcg@40": 0.47285414639322404
}