{
  "query_count": 300,
  "no_qrels_query_count": 0,
  "recall@1": 0.14506150793650793,
  "recall@5": 0.29898623136123137,
  "recall@10": 0.38223143523143527,
  "recall@20": 0.4557361851111851,
  "recall@40": 0.5395206136456137,
  "recall@100": 0.646306364931365,
  "mrr@1": 0.4866666666666667,
  "mrr@5": 0.6021666666666667,
  "mrr@10": 0.6115013227513227,
  "mrr@20": 0.6151552812655754,
  "mrr@40": 0.61712576569881,
  "mrr@100": 0.617525826963945,
  "ndcg@1": 0.4723809523809524,
  "ndcg@5": 0.38866034404226146,
  "ndcg@10": 0.4240005441833547,
  "ndcg@20": 0.45290568254428326,
  "ndcg@40": 0.48093339857739825,
  "ndcg@100": 0.507481483954066,
  "hit@1": 0.4866666666666667,
  "hit@5": 0.79,
  "hit@10": 0.86,
  "hit@20": 0.91,
  "hit@40": 0.9633333333333334,
  "hit@100": 0.9866666666666667
}