{
    "query_count":  300,
    "no_qrels_query_count":  0,
    "recall@5":  0.38007664829723653,
    "recall@10":  0.4793,
    "recall@40":  0.7618,
    "mrr@10":  0.7173373015873016,
    "ndcg@10":  0.5567342065825438,
    "hit@5":  0.9,
    "hit@40":  0.9933333333333333,
    "recall_new@40":  0.7617619047619048
}
