{
  "query_count": 300,
  "no_qrels_query_count": 0,
  "recall@5": 0.4608928571428571,
  "recall_new@5": 0.4608928571428571,
  "recall@10": 0.554531746031746,
  "recall_new@10": 0.554531746031746,
  "recall@40": 0.7617619047619048,
  "recall_new@40": 0.7617619047619048,
  "mrr@10": 0.7173373015873016,
  "ndcg@10": 0.5567342065825438,
  "hit@1": 0.5733333333333334,
  "hit@5": 0.9,
  "hit@10": 0.9666666666666667,
  "hit@40": 0.9933333333333333
}