{
  "query_count": 300,
  "no_qrels_query_count": 0,
  "recall@40": 0.24019670607170607,
  "mrr@10": 0.28552248677248676,
  "ndcg@10": 0.1722914029139554
}