{
  "query_count": 300,
  "no_qrels_query_count": 50,
  "recall@5": 0.2431032407135348,
  "recall@10": 0.3411346643552526,
  "recall@20": 0.4297783507342331,
  "recall@40": 0.5299013864675629,
  "recall@100": 0.6551343659064247,
  "mrr@10": 0.5096243386243386,
  "mrr@20": 0.5157288267288268,
  "mrr@40": 0.5185578033106143,
  "ndcg@10": 0.3659107692236457,
  "ndcg@20": 0.40732774331935295,
  "ndcg@40": 0.44349318704465956
}