{
  "query_count": 61,
  "no_qrels_query_count": 7,
  "recall@10": 0.4308166174523979,
  "recall@40": 0.613392503592076,
  "mrr@10": 0.6126268540202966,
  "ndcg@10": 0.45347838539333546,
  "hit@5": 0.8032786885245902,
  "hit@40": 0.9344262295081968,
  "candidate_hit@40": 0.9344262295081968,
  "candidate_recall@40": 0.613392503592076,
  "final_hit@5": 0.8032786885245902,
  "final_recall@10": 0.4308166174523979
}