{
  "query_count": 300,
  "no_qrels_query_count": 0,
  "recall@5": 0.46090476190476193,
  "recall_new@5": 0.46090476190476193,
  "recall@10": 0.5835674603174603,
  "recall_new@10": 0.5835674603174603,
  "recall@40": 0.7758333333333334,
  "recall_new@40": 0.7758333333333334,
  "mrr@10": 0.7363928571428572,
  "ndcg@10": 0.5367368689892806,
  "hit@1": 0.6233333333333333,
  "hit@5": 0.8866666666666667,
  "hit@10": 0.9566666666666667,
  "hit@40": 0.9966666666666667
}