{
  "query_count": 287,
  "no_qrels_query_count": 43,
  "recall@5": 0.3120272081696153,
  "recall@10": 0.3814561290358184,
  "recall@20": 0.4444644234901059,
  "recall@40": 0.5190608005271782,
  "recall@100": 0.6072140168349968,
  "mrr@10": 0.6432290802499863,
  "mrr@20": 0.6463437017879526,
  "mrr@40": 0.6477791659658043,
  "ndcg@10": 0.4405940902393089,
  "ndcg@20": 0.46536458619584,
  "ndcg@40": 0.4883644285457976
}