epoch,steps,MAP,MRR@10,NDCG@10
1.0,9451,0.8361904761904763,0.8361904761904763,0.8778903799683931
