{
  "query_count": 61,
  "no_qrels_query_count": 7,
  "recall@5": 0.2971970494066004,
  "recall@10": 0.3785007184151874,
  "recall@20": 0.4672269739447216,
  "recall@40": 0.5311390557648576,
  "recall@100": 0.5976049055877993,
  "mrr@10": 0.6412958626073381,
  "mrr@20": 0.6424668227946916,
  "mrr@40": 0.6437242743595203,
  "ndcg@10": 0.43841775635542346,
  "ndcg@20": 0.4714058885028457,
  "ndcg@40": 0.4950571461755839
}