{
  "query_count": 61,
  "no_qrels_query_count": 7,
  "recall@5": 0.23179064720771567,
  "recall@10": 0.2998214535074404,
  "recall@20": 0.36409965727201676,
  "recall@40": 0.47464604665665416,
  "recall@100": 0.5497511990228835,
  "mrr@10": 0.543416601613323,
  "mrr@20": 0.5477829320042434,
  "mrr@40": 0.5512886759671667,
  "ndcg@10": 0.3831847129079702,
  "ndcg@20": 0.40634529673439246,
  "ndcg@40": 0.4576422958056632
}