{
  "query_count": 3,
  "no_qrels_query_count": 0,
  "recall@10": 0.4330808080808081,
  "recall@40": 0.7954545454545454,
  "recall@100": 0.9090909090909092,
  "mrr@10": 0.5111111111111111,
  "ndcg@10": 0.37347104174091234
}