{
  "query_count": 61,
  "no_qrels_query_count": 7,
  "recall@5": 0.2766059077534488,
  "recall@10": 0.36743907276694165,
  "recall@20": 0.46452268132596,
  "recall@40": 0.5463879017157706,
  "recall@100": 0.6456157685665882,
  "mrr@10": 0.6020947176684881,
  "mrr@20": 0.6064890710382513,
  "mrr@40": 0.6069204774230659,
  "ndcg@10": 0.4256196469525004,
  "ndcg@20": 0.4654665468311937,
  "ndcg@40": 0.4929201085898657
}