{
  "query_count": 300,
  "no_qrels_query_count": 0,
  "recall@5": 0.2431032407135348,
  "recall@10": 0.3411346643552526,
  "recall@20": 0.4297783507342331,
  "recall@40": 0.5304728150389916,
  "recall@100": 0.6558800864168511,
  "mrr@10": 0.5094854497354497,
  "mrr@20": 0.5155899378399378,
  "mrr@40": 0.5184145052506496,
  "ndcg@10": 0.3658647086558716,
  "ndcg@20": 0.4072707846989456,
  "ndcg@40": 0.44366298885499095,
  "hit@5": 0.69,
  "hit@40": 0.9633333333333334
}