{
  "query_count": 61,
  "no_qrels_query_count": 7,
  "recall@5": 0.1545472287275566,
  "recall@10": 0.1854670830080666,
  "recall@20": 0.1969424928441322,
  "recall@40": 0.24020664336059916,
  "mrr@10": 0.3498829039812646,
  "mrr@20": 0.3507025761124122,
  "mrr@40": 0.3533255787772539,
  "ndcg@10": 0.19998434714781446,
  "ndcg@20": 0.20407582260637974,
  "ndcg@40": 0.2218948231941559
}