{
  "query_count": 61,
  "no_qrels_query_count": 7,
  "recall@5": 0.31554859767618143,
  "recall@10": 0.36204222244849477,
  "recall@20": 0.4537934584620258,
  "recall@40": 0.48143462421794564,
  "mrr@10": 0.6460837887067395,
  "mrr@20": 0.6507102026870589,
  "mrr@40": 0.6507102026870589,
  "ndcg@10": 0.4365324323036609,
  "ndcg@20": 0.4683422069572736,
  "ndcg@40": 0.477146441606766
}