{
  "query_count": 300,
  "no_qrels_query_count": 0,
  "recall@5": 0.4581468253968254,
  "recall_new@5": 0.4581468253968254,
  "recall@10": 0.533297619047619,
  "recall_new@10": 0.533297619047619,
  "recall@40": 0.6466706349206349,
  "recall_new@40": 0.6466706349206349,
  "mrr@10": 0.7152936507936508,
  "ndcg@10": 0.5405158767157944,
  "hit@1": 0.57,
  "hit@5": 0.9,
  "hit@10": 0.96,
  "hit@40": 0.9766666666666667
}