{
    "query_count":  300,
    "no_qrels_query_count":  0,
    "recall@5":  0.3653875073728015,
    "recall@10":  0.4531,
    "recall@40":  0.6467,
    "mrr@10":  0.7152936507936508,
    "ndcg@10":  0.5405158767157944,
    "hit@5":  0.9,
    "hit@40":  0.9766666666666667,
    "recall_new@40":  0.6466706349206349
}
