{
    "query_count":  300,
    "no_qrels_query_count":  0,
    "recall@5":  0.40447685647685644,
    "recall@10":  0.5133,
    "recall@40":  0.6424,
    "mrr@10":  0.689505291005291,
    "ndcg@10":  0.5548118560330807,
    "hit@1":  0.53,
    "hit@5":  0.9,
    "hit@10":  0.9533333333333334,
    "hit@40":  0.9733333333333334,
    "recall_new@40":  0.6424126984126984
}
