{
  "query_count": 300,
  "no_qrels_query_count": 0,
  "recall@5": 0.4094396991896992,
  "recall@10": 0.5127,
  "recall@40": 0.6508,
  "mrr@10": 0.6834219576719577,
  "ndcg@10": 0.5521926930384937,
  "hit@1": 0.5233333333333333,
  "hit@5": 0.9033333333333333,
  "hit@10": 0.9533333333333334,
  "hit@40": 0.98,
  "recall_new@40": 0.6508214285714286,
  "recall_new@10": 0.5685595238
}