{
  "query_count": 300,
  "no_qrels_query_count": 0,
  "recall@5": 0.4531269841269841,
  "recall_new@5": 0.4531269841269841,
  "recall@10": 0.5295674603174604,
  "recall_new@10": 0.5295674603174604,
  "recall@40": 0.6538174603174602,
  "recall_new@40": 0.6538174603174602,
  "mrr@10": 0.6887116402116402,
  "ndcg@10": 0.5037403978140975,
  "hit@1": 0.5566666666666666,
  "hit@5": 0.86,
  "hit@10": 0.91,
  "hit@40": 0.9633333333333334
}