{
  "query_count": 300,
  "no_qrels_query_count": 0,
  "recall@5": 0.34765662387721213,
  "recall@10": 0.42368630715689537,
  "recall@40": 0.5304728150389916,
  "mrr@10": 0.6887116402116402,
  "ndcg@10": 0.5037403978140975,
  "hit@5": 0.86,
  "hit@40": 0.9633333333333334,
  "recall_new@40": 0.6538174603174602
}