{
  "query_count": 300,
  "no_qrels_query_count": 0,
  "recall@5": 0.49814285714285716,
  "recall_new@5": 0.49814285714285716,
  "recall@10": 0.5898650793650794,
  "recall_new@10": 0.5898650793650794,
  "recall@40": 0.7758333333333334,
  "recall_new@40": 0.7758333333333334,
  "mrr@10": 0.8084576719576719,
  "ndcg@10": 0.6091536215452078,
  "hit@1": 0.7066666666666667,
  "hit@5": 0.9466666666666667,
  "hit@10": 0.9733333333333334,
  "hit@40": 0.9966666666666667
}