{
    "query_count":  300,
    "no_qrels_query_count":  0,
    "recall@5":  0.42223098198098197,
    "recall@10":  0.5137,
    "recall@40":  0.7758,
    "mrr@10":  0.8084576719576719,
    "ndcg@10":  0.6091536215452078,
    "hit@5":  0.9466666666666667,
    "hit@40":  0.9966666666666667,
    "recall_new@40":  0.7758333333333334
}
