{
  "query_count": 300,
  "no_qrels_query_count": 0,
  "recall@10": 0.030826636326636323,
  "recall@40": 0.038498390498390496,
  "mrr@10": 0.06175661375661375,
  "ndcg@10": 0.033603713847034394,
  "hit@5": 0.09666666666666666,
  "hit@40": 0.17333333333333334,
  "candidate_hit@40": 0.17333333333333334,
  "candidate_recall@40": 0.038498390498390496,
  "final_hit@5": 0.09666666666666666,
  "final_recall@10": 0.030826636326636323
}