{
  "query_count": 300,
  "no_qrels_query_count": 0,
  "recall@10": 0.09623079698079698,
  "recall@40": 0.1401692659192659,
  "mrr@10": 0.18595502645502646,
  "ndcg@10": 0.10374887033490032,
  "hit@5": 0.27666666666666667,
  "hit@40": 0.47,
  "candidate_hit@40": 0.47,
  "candidate_recall@40": 0.1401692659192659,
  "final_hit@5": 0.27666666666666667,
  "final_recall@10": 0.09623079698079698
}