{
  "query_count": 61,
  "no_qrels_query_count": 7,
  "recall@10": 0.3131385314060541,
  "recall@40": 0.46024058747311547,
  "recall@100": 0.5705505729727929,
  "mrr@10": 0.5930067655477491,
  "ndcg@10": 0.4013459582177666
}