{
  "query_count": 300,
  "no_qrels_query_count": 0,
  "recall@5": 0.44626587301587295,
  "recall_new@5": 0.44626587301587295,
  "recall@10": 0.5280317460317461,
  "recall_new@10": 0.5280317460317461,
  "recall@20": 0.6133293650793651,
  "recall_new@20": 0.6133293650793651,
  "recall@40": 0.7010833333333333,
  "recall_new@40": 0.7010833333333333,
  "recall@100": 0.7877936507936508,
  "recall_new@100": 0.7877936507936508,
  "mrr@10": 0.6912261904761905,
  "mrr@20": 0.6929254661460544,
  "mrr@40": 0.6933054113086082,
  "ndcg@10": 0.4827339125643055,
  "ndcg@20": 0.5212879075934901,
  "ndcg@40": 0.5535249206300875,
  "hit@5": 0.8866666666666667,
  "hit@10": 0.96
}