{
  "query_count": 300,
  "no_qrels_query_count": 0,
  "recall@5": 0.34373081085581086,
  "recall@10": 0.4187342148592148,
  "recall@20": 0.5065089771339771,
  "recall@40": 0.6036397768897769,
  "recall@100": 0.7038251378251378,
  "mrr@10": 0.6912261904761905,
  "mrr@20": 0.6929254661460544,
  "mrr@40": 0.6933054113086082,
  "ndcg@10": 0.4827339125643055,
  "ndcg@20": 0.52099164784993,
  "ndcg@40": 0.5535155152601571,
  "hit@5": 0.8866666666666667,
  "hit@10": 0.96,
  "recall_new@40": 0.7019166666666666
}