{
  "query_count": 300,
  "no_qrels_query_count": 0,
  "recall@10": 0.0683575036075036,
  "recall@40": 0.09462097162097162,
  "mrr@10": 0.126244708994709,
  "ndcg@10": 0.071444943427579,
  "hit@5": 0.18666666666666668,
  "hit@40": 0.35,
  "candidate_hit@40": 0.35,
  "candidate_recall@40": 0.09462097162097162,
  "final_hit@5": 0.18666666666666668,
  "final_recall@10": 0.0683575036075036
}