{
    "query_count":  300,
    "no_qrels_query_count":  0,
    "recall@5":  0.39804993154993157,
    "recall@10":  0.4988,
    "recall@40":  0.6933,
    "mrr@10":  0.6767301587301587,
    "ndcg@10":  0.5391886867647067,
    "hit@1":  0.5266666666666666,
    "hit@5":  0.8766666666666667,
    "hit@10":  0.9233333333333333,
    "hit@40":  0.9666666666666667,
    "recall_new@40":  0.6933412698412699
}
