{
  "query_count": 300,
  "no_qrels_query_count": 0,
  "recall@5": 0.19226474632802312,
  "recall@10": 0.27198200689267005,
  "recall@20": 0.3535087672786578,
  "recall@40": 0.44374160672547397,
  "recall@100": 0.5483370272435557,
  "mrr@10": 0.5106494708994709,
  "mrr@20": 0.5158990421343362,
  "mrr@40": 0.5190392835627211,
  "ndcg@10": 0.3438269708708605,
  "ndcg@20": 0.3784318672878039,
  "ndcg@40": 0.4177905686548688,
  "hit@5": 0.6433333333333333,
  "hit@40": 0.9166666666666666
}