{
  "query_count": 300,
  "no_qrels_query_count": 50,
  "recall@10": 0.4483033078033078,
  "recall@40": 0.6537472758722759,
  "mrr@10": 0.7223439153439153,
  "ndcg@10": 0.5019367851582724,
  "hit@5": 0.87,
  "hit@40": 0.9733333333333334,
  "candidate_hit@40": 0.9733333333333334,
  "candidate_recall@40": 0.6537472758722759,
  "final_hit@5": 0.87,
  "final_recall@10": 0.4483033078033078
}