{
  "query_count": 61,
  "no_qrels_query_count": 7,
  "recall@10": 0.4336204165676725,
  "recall@40": 0.5903506092387062,
  "mrr@10": 0.6586911267239136,
  "ndcg@10": 0.4762644344555871,
  "hit@5": 0.819672131147541,
  "hit@40": 0.9344262295081968,
  "candidate_hit@40": 0.9344262295081968,
  "candidate_recall@40": 0.5903506092387062,
  "final_hit@5": 0.819672131147541,
  "final_recall@10": 0.4336204165676725
}