{
  "query_count": 300,
  "no_qrels_query_count": 50,
  "recall@10": 0.3522356279024561,
  "recall@40": 0.5712869224041646,
  "mrr@10": 0.6057883597883598,
  "ndcg@10": 0.42945538954542833,
  "hit@5": 0.7866666666666666,
  "hit@40": 0.98,
  "candidate_hit@40": 0.98,
  "candidate_recall@40": 0.5712869224041646,
  "final_hit@5": 0.7866666666666666,
  "final_recall@10": 0.3522356279024561
}