{
  "query_count": 300,
  "no_qrels_query_count": 0,
  "recall@5": 0.28546221833721835,
  "recall@10": 0.3535074323824324,
  "recall@20": 0.44404326691826684,
  "recall@40": 0.5187510128760129,
  "recall@100": 0.6140671041921042,
  "mrr@10": 0.5955529100529101,
  "mrr@20": 0.600017301454995,
  "mrr@40": 0.6015472452888675,
  "ndcg@10": 0.40317462600710036,
  "ndcg@20": 0.43600714980423455,
  "ndcg@40": 0.4608997380526734,
  "hit@5": 0.77,
  "hit@10": 0.84
}