{
  "query_count": 300,
  "no_qrels_query_count": 0,
  "recall@10": 0.06510982535982536,
  "recall@40": 0.08709014134014134,
  "mrr@10": 0.12508201058201057,
  "ndcg@10": 0.07053942894969796,
  "hit@5": 0.19,
  "hit@40": 0.33666666666666667,
  "candidate_hit@40": 0.33666666666666667,
  "candidate_recall@40": 0.08709014134014134,
  "final_hit@5": 0.19,
  "final_recall@10": 0.06510982535982536
}