{
  "query_count": 300,
  "no_qrels_query_count": 0,
  "recall@10": 0.4472803335009218,
  "recall@40": 0.6915288107861637,
  "mrr@10": 0.668883597883598,
  "ndcg@10": 0.49775077695411823,
  "hit@5": 0.8566666666666667,
  "hit@40": 1.0,
  "candidate_hit@40": 1.0,
  "candidate_recall@40": 0.6915288107861637,
  "final_hit@5": 0.8566666666666667,
  "final_recall@10": 0.4472803335009218
}