{
  "query_count": 300,
  "no_qrels_query_count": 50,
  "recall@5": 0.28973309370368194,
  "recall@10": 0.37227473262032085,
  "recall@20": 0.45676012821601053,
  "recall@40": 0.559043756624639,
  "recall@100": 0.6708538667215138,
  "mrr@10": 0.5696230158730159,
  "mrr@20": 0.5736135246762182,
  "mrr@40": 0.575032373027357,
  "ndcg@10": 0.41380259516184503,
  "ndcg@20": 0.45145252409222875,
  "ndcg@40": 0.4886118103323231
}