{
  "query_count": 300,
  "no_qrels_query_count": 0,
  "recall@10": 0.44375590613090615,
  "recall@40": 0.6624739242239241,
  "mrr@10": 0.6980198412698413,
  "ndcg@10": 0.49290631030779525,
  "hit@5": 0.8866666666666667,
  "hit@40": 0.9633333333333334,
  "candidate_hit@40": 0.9633333333333334,
  "candidate_recall@40": 0.6624739242239241,
  "final_hit@5": 0.8866666666666667,
  "final_recall@10": 0.44375590613090615
}