{
  "query_count": 300,
  "no_qrels_query_count": 0,
  "recall@40": 0.369621225996226,
  "mrr@10": 0.4382208994708995,
  "ndcg@10": 0.28013839245905015
}