{
  "query_count": 300,
  "no_qrels_query_count": 0,
  "recall@5": 0.4796746031746032,
  "recall_new@5": 0.4796746031746032,
  "recall@10": 0.5828492063492063,
  "recall_new@10": 0.5828492063492063,
  "recall@40": 0.7953888888888889,
  "recall_new@40": 0.7953888888888889,
  "mrr@10": 0.7470740740740741,
  "ndcg@10": 0.520494992245681,
  "hit@1": 0.65,
  "hit@5": 0.8966666666666666,
  "hit@10": 0.9333333333333333,
  "hit@40": 0.9733333333333334
}