{
  "query_count": 300,
  "no_qrels_query_count": 0,
  "recall@5": 0.3557531635031635,
  "recall@10": 0.44100398212898206,
  "recall@40": 0.6537472758722759,
  "mrr@10": 0.7470740740740741,
  "ndcg@10": 0.520494992245681,
  "hit@5": 0.8966666666666666,
  "hit@40": 0.9733333333333334,
  "recall_new@40": 0.7953888888888889
}