{
  "query_count": 2,
  "no_qrels_query_count": 0,
  "recall@10": 0.8333333333333333,
  "recall@40": 1.0,
  "mrr@10": 0.6666666666666666,
  "ndcg@10": 0.7080905777743655,
  "hit@5": 1.0,
  "hit@40": 1.0,
  "candidate_hit@40": 1.0,
  "candidate_recall@40": 1.0,
  "final_hit@5": 1.0,
  "final_recall@10": 0.8333333333333333
}