{
  "query_count": 61,
  "no_qrels_query_count": 7,
  "recall@10": 0.3369424997172041,
  "recall@40": 0.5416865686462956,
  "mrr@10": 0.5869698152485038,
  "ndcg@10": 0.41444547957084504,
  "hit@5": 0.6721311475409836,
  "hit@40": 0.9344262295081968,
  "candidate_hit@40": 0.9344262295081968,
  "candidate_recall@40": 0.5416865686462956,
  "final_hit@5": 0.6721311475409836,
  "final_recall@10": 0.3369424997172041
}