{
  "query_count": 300,
  "no_qrels_query_count": 0,
  "recall@5": 0.3154693732193732,
  "recall@10": 0.38629645354645353,
  "recall@20": 0.44953767528767524,
  "recall@40": 0.5265239066489067,
  "recall@100": 0.6148359464609464,
  "mrr@10": 0.6301706349206349,
  "mrr@20": 0.6333354747104747,
  "mrr@40": 0.6348039735358576,
  "ndcg@10": 0.44042821593235343,
  "ndcg@20": 0.4657355279306007,
  "ndcg@40": 0.4892439931121469,
  "hit@5": 0.8033333333333333,
  "hit@10": 0.8833333333333333
}