{
  "query_count": 300,
  "no_qrels_query_count": 0,
  "recall@10": 0.45679281366781366,
  "recall@40": 0.6828410062160062,
  "mrr@10": 0.6952857142857143,
  "ndcg@10": 0.5084112105681268,
  "hit@5": 0.8566666666666667,
  "hit@40": 0.9933333333333333,
  "recall_new@40": 0.7666230158730158,
  "candidate_hit@40": 0.9933333333333333,
  "candidate_recall@40": 0.6828410062160062,
  "final_hit@5": 0.8566666666666667,
  "final_recall@10": 0.45679281366781366
}