{
  "query_count": 10,
  "no_qrels_query_count": 0,
  "recall@5": 0.32857142857142857,
  "recall@10": 0.40285714285714286,
  "mrr@10": 0.7069444444444445,
  "ndcg@10": 0.47220583791248805
}