{
  "query_count": 287,
  "no_qrels_query_count": 43,
  "recall@10": 0.4410961081726206,
  "recall@40": 0.646324762852116,
  "mrr@10": 0.7272661910292572,
  "ndcg@10": 0.49770623452691537,
  "hit@5": 0.8780487804878049,
  "hit@40": 0.9790940766550522,
  "candidate_hit@40": 0.9790940766550522,
  "candidate_recall@40": 0.646324762852116,
  "final_hit@5": 0.8780487804878049,
  "final_recall@10": 0.4410961081726206
}