{
  "query_count": 300,
  "no_qrels_query_count": 0,
  "recall@10": 0.4533337305396129,
  "recall@40": 0.6865047653871184,
  "mrr@10": 0.7227010582010582,
  "ndcg@10": 0.5232053298832721,
  "hit@5": 0.8833333333333333,
  "hit@40": 0.9933333333333333,
  "candidate_hit@40": 0.9933333333333333,
  "candidate_recall@40": 0.6865047653871184,
  "final_hit@5": 0.8833333333333333,
  "final_recall@10": 0.4533337305396129
}