{
  "query_count": 3,
  "no_qrels_query_count": 0,
  "recall@5": 0.3531746031746032,
  "recall@10": 0.6428571428571429,
  "recall@20": 0.9523809523809524,
  "recall@40": 0.9523809523809524,
  "recall@100": 0.9523809523809524,
  "mrr@10": 0.5666666666666667,
  "mrr@20": 0.5666666666666667,
  "mrr@40": 0.5666666666666667,
  "ndcg@10": 0.5129247127659551,
  "ndcg@20": 0.6545426668146442,
  "ndcg@40": 0.6545426668146442
}