{
  "query_count": 300,
  "no_qrels_query_count": 0,
  "recall@5": 0.48850396825396825,
  "recall_new@5": 0.48850396825396825,
  "recall@10": 0.5859603174603174,
  "recall_new@10": 0.5859603174603174,
  "recall@40": 0.7905198412698413,
  "recall_new@40": 0.7905198412698413,
  "mrr@10": 0.739813492063492,
  "ndcg@10": 0.5442144424836386,
  "hit@1": 0.6266666666666667,
  "hit@5": 0.8933333333333333,
  "hit@10": 0.93,
  "hit@40": 0.9933333333333333
}