{
  "query_count": 300,
  "no_qrels_query_count": 0,
  "recall@5": 0.37851280785491315,
  "recall@10": 0.4645106277737856,
  "recall@40": 0.6773375007059218,
  "mrr@10": 0.739813492063492,
  "ndcg@10": 0.5442144424836386,
  "hit@5": 0.8933333333333333,
  "hit@40": 0.9933333333333333,
  "recall_new@40": 0.7905198412698413
}