{
  "query_count": 300,
  "no_qrels_query_count": 0,
  "recall@10": 0.4522691937691938,
  "recall@40": 0.6604083509083509,
  "mrr@10": 0.7130701058201059,
  "ndcg@10": 0.5124078686280374,
  "hit@5": 0.8866666666666667,
  "hit@40": 0.98,
  "candidate_hit@40": 0.98,
  "candidate_recall@40": 0.6604083509083509,
  "final_hit@5": 0.8866666666666667,
  "final_recall@10": 0.4522691937691938
}