{
  "query_count": 300,
  "no_qrels_query_count": 0,
  "recall@10": 0.337378047579268,
  "recall@40": 0.5161148814877491,
  "mrr@10": 0.5832526455026456,
  "ndcg@10": 0.4106937132929,
  "hit@5": 0.77,
  "hit@40": 0.9633333333333334,
  "candidate_hit@40": 0.9633333333333334,
  "candidate_recall@40": 0.5161148814877491,
  "final_hit@5": 0.77,
  "final_recall@10": 0.337378047579268
}