{
  "query_count": 287,
  "no_qrels_query_count": 43,
  "recall@10": 0.4381115331488575,
  "recall@40": 0.6798153408123635,
  "mrr@10": 0.6749654333278027,
  "ndcg@10": 0.49336140708099785,
  "hit@5": 0.8606271777003485,
  "hit@40": 1.0,
  "candidate_hit@40": 1.0,
  "candidate_recall@40": 0.6798153408123635,
  "final_hit@5": 0.8606271777003485,
  "final_recall@10": 0.4381115331488575
}