{
  "query_count": 2,
  "no_qrels_query_count": 0,
  "recall@10": 0.8333333333333333,
  "recall@40": 1.0,
  "recall@100": 1.0,
  "mrr@10": 1.0,
  "ndcg@10": 0.8826803184943108
}