{
  "query_count": 300,
  "no_qrels_query_count": 50,
  "recall@10": 0.30335530360897167,
  "recall@40": 0.46548252015096475,
  "recall@100": 0.567747222383074,
  "mrr@10": 0.5423201058201058,
  "ndcg@10": 0.37852161763168657
}