{
  "query_count": 300,
  "no_qrels_query_count": 0,
  "recall@10": 0.4561588642838643,
  "recall@40": 0.657842550967551,
  "mrr@10": 0.7293981481481482,
  "ndcg@10": 0.5119313968613424,
  "hit@5": 0.88,
  "hit@40": 0.97,
  "candidate_hit@40": 0.97,
  "candidate_recall@40": 0.657842550967551,
  "final_hit@5": 0.88,
  "final_recall@10": 0.4561588642838643
}