{
  "query_count": 5,
  "no_qrels_query_count": 0,
  "recall@5": 0.3571428571428571,
  "recall@10": 0.3904761904761905,
  "mrr@10": 0.825,
  "ndcg@10": 0.5310487176655039
}