{
    "query_count":  300,
    "no_qrels_query_count":  0,
    "recall@5":  0.3145518648018648,
    "recall@10":  0.512,
    "recall@20":  0.4365243645243645,
    "recall@40":  0.6415,
    "mrr@10":  0.6722407407407407,
    "mrr@20":  0.6753270119686529,
    "mrr@40":  0.6757902289081629,
    "ndcg@10":  0.4533270572270308,
    "ndcg@20":  0.4739729117414956,
    "ndcg@40":  0.48178019151468104,
    "hit@5":  0.83,
    "hit@10":  0.9033333333333333,
    "recall_new@40":  0.6414920634920634
}
