{
  "query_count": 300,
  "no_qrels_query_count": 0,
  "recall@10": 0.04278707403707404,
  "recall@40": 0.06624610574610575,
  "mrr@10": 0.08918915343915344,
  "ndcg@10": 0.04578682011516724,
  "hit@5": 0.13333333333333333,
  "hit@40": 0.2866666666666667,
  "candidate_hit@40": 0.2866666666666667,
  "candidate_recall@40": 0.06624610574610575,
  "final_hit@5": 0.13333333333333333,
  "final_recall@10": 0.04278707403707404
}