{
  "query_count": 300,
  "no_qrels_query_count": 50,
  "recall@5": 0.2843511072261072,
  "recall@10": 0.35239632127132126,
  "recall@20": 0.44293215580715584,
  "recall@40": 0.5176399017649017,
  "recall@100": 0.612955993080993,
  "mrr@10": 0.5955529100529101,
  "mrr@20": 0.600017301454995,
  "mrr@40": 0.601544874497023,
  "ndcg@10": 0.40252351479417553,
  "ndcg@20": 0.4353560385913098,
  "ndcg@40": 0.4602443113101646
}