{
  "query_count": 300,
  "no_qrels_query_count": 0,
  "recall@5": 0.45043253968253966,
  "recall_new@5": 0.45043253968253966,
  "recall@10": 0.5503849206349206,
  "recall_new@10": 0.5503849206349206,
  "recall@40": 0.756765873015873,
  "recall_new@40": 0.756765873015873,
  "mrr@10": 0.7013849206349206,
  "ndcg@10": 0.5492007797359586,
  "hit@1": 0.5666666666666667,
  "hit@5": 0.8766666666666667,
  "hit@10": 0.94,
  "hit@40": 0.9833333333333333
}