{
  "query_count": 300,
  "no_qrels_query_count": 0,
  "recall@5": 0.3745248066203949,
  "recall@10": 0.47746472781031607,
  "recall@40": 0.6814523455846986,
  "mrr@10": 0.7013849206349206,
  "ndcg@10": 0.5492007797359586,
  "hit@5": 0.8766666666666667,
  "hit@40": 0.9833333333333333,
  "recall_new@40": 0.756765873015873
}