{
  "query_count": 300,
  "no_qrels_query_count": 0,
  "recall@10": 0.05854633329633329,
  "recall@40": 0.0813083953083953,
  "mrr@10": 0.11503174603174603,
  "ndcg@10": 0.06294560855899721,
  "hit@5": 0.18,
  "hit@40": 0.33,
  "candidate_hit@40": 0.33,
  "candidate_recall@40": 0.0813083953083953,
  "final_hit@5": 0.18,
  "final_recall@10": 0.05854633329633329
}