{
  "query_count": 300,
  "no_qrels_query_count": 50,
  "recall@5": 0.2888997603703486,
  "recall@10": 0.37144139928698755,
  "recall@20": 0.45676012821601053,
  "recall@40": 0.559043756624639,
  "recall@100": 0.6714094222770693,
  "mrr@10": 0.5696230158730159,
  "mrr@20": 0.5736135246762182,
  "mrr@40": 0.5750346222401325,
  "ndcg@10": 0.413435932412508,
  "ndcg@20": 0.4512725241867987,
  "ndcg@40": 0.4884150248643125
}