{
  "query_count": 300,
  "no_qrels_query_count": 0,
  "recall@40": 0.5384313510563511,
  "mrr@10": 0.6569880952380952,
  "ndcg@10": 0.4464064852755051
}