{
  "query_count": 300,
  "no_qrels_query_count": 0,
  "recall@5": 0.3032456478706479,
  "recall@10": 0.3782125790875791,
  "recall@20": 0.4585325045325045,
  "recall@40": 0.5384313510563511,
  "recall@100": 0.6371441336441336,
  "mrr@10": 0.6569880952380952,
  "mrr@20": 0.6590696988196988,
  "mrr@40": 0.6605827470957337,
  "ndcg@10": 0.4464064852755051,
  "ndcg@20": 0.4774029070010521,
  "ndcg@40": 0.5011429445052844,
  "hit@5": 0.81,
  "hit@10": 0.8866666666666667
}