{
  "query_count": 300,
  "no_qrels_query_count": 0,
  "recall@5": 0.47365873015873017,
  "recall_new@5": 0.47365873015873017,
  "recall@10": 0.5545952380952381,
  "recall_new@10": 0.5545952380952381,
  "recall@40": 0.6798055555555556,
  "recall_new@40": 0.6798055555555556,
  "mrr@10": 0.7888730158730158,
  "ndcg@10": 0.5739379151566127,
  "hit@1": 0.6933333333333334,
  "hit@5": 0.92,
  "hit@10": 0.9433333333333334,
  "hit@40": 0.97
}