{
  "query_count": 300,
  "no_qrels_query_count": 0,
  "recall@10": 0.46669936544936547,
  "recall@40": 0.679948754948755,
  "mrr@10": 0.7105396825396826,
  "ndcg@10": 0.5145052376993124,
  "hit@5": 0.8933333333333333,
  "hit@40": 0.9933333333333333,
  "candidate_hit@40": 0.9933333333333333,
  "candidate_recall@40": 0.679948754948755,
  "final_hit@5": 0.8933333333333333,
  "final_recall@10": 0.46669936544936547
}