{
  "query_count": 300,
  "no_qrels_query_count": 0,
  "recall@5": 0.3165804843304843,
  "recall@10": 0.38740756465756465,
  "recall@20": 0.45064878639878636,
  "recall@40": 0.5283016844266845,
  "recall@100": 0.6172832399082399,
  "mrr@10": 0.6335039682539683,
  "mrr@20": 0.636668808043808,
  "mrr@40": 0.6380420687739529,
  "ndcg@10": 0.4423862839162682,
  "ndcg@20": 0.46772093977630275,
  "ndcg@40": 0.49137712166366027,
  "hit@5": 0.8066666666666666,
  "hit@40": 0.9633333333333334
}