{
  "query_count": 2,
  "no_qrels_query_count": 0,
  "recall@5": 0.8333333333333333,
  "recall@10": 1.0,
  "recall@20": 1.0,
  "recall@40": 1.0,
  "recall@100": 1.0,
  "mrr@10": 1.0,
  "mrr@20": 1.0,
  "mrr@40": 1.0,
  "ndcg@10": 0.8741469296691932,
  "ndcg@20": 0.8741469296691932,
  "ndcg@40": 0.8741469296691932
}