{
  "query_count": 300,
  "no_qrels_query_count": 0,
  "recall@5": 0.281128885003885,
  "recall@10": 0.3465629879379879,
  "recall@20": 0.41812726162726166,
  "recall@40": 0.4518345497095497,
  "mrr@10": 0.5951957671957672,
  "mrr@20": 0.5995105895566423,
  "mrr@40": 0.6005716271266311,
  "ndcg@10": 0.3994112437667738,
  "ndcg@20": 0.425819912525002,
  "ndcg@40": 0.4366580999673684,
  "hit@5": 0.7666666666666667,
  "hit@10": 0.84
}