{
    "query_count":  300,
    "no_qrels_query_count":  0,
    "recall@5":  0.19534305046805048,
    "recall@10":  0.3755,
    "recall@20":  0.2986569032819033,
    "recall@40":  0.5036,
    "mrr@10":  0.43972486772486774,
    "mrr@20":  0.4464674899547191,
    "mrr@40":  0.448433725500377,
    "ndcg@10":  0.2786892819164108,
    "ndcg@20":  0.2969595407918744,
    "ndcg@40":  0.30842255410556557,
    "hit@5":  0.5666666666666667,
    "hit@10":  0.6966666666666667
}
