{
  "query_count": 2,
  "no_qrels_query_count": 0,
  "recall@5": 0.5,
  "recall@10": 0.5,
  "recall@20": 0.6666666666666666,
  "recall@40": 0.6666666666666666,
  "recall@100": 0.6666666666666666,
  "mrr@10": 0.6666666666666666,
  "mrr@20": 0.6666666666666666,
  "mrr@40": 0.6666666666666666,
  "ndcg@10": 0.4813315923706925,
  "ndcg@20": 0.5376010367684263,
  "ndcg@40": 0.5376010367684263,
  "hit@5": 1.0,
  "hit@40": 1.0,
  "recall_new@40": 0.8333333333333333
}