{
  "query_count": 300,
  "no_qrels_query_count": 0,
  "recall@10": 0.32716954047473296,
  "recall@40": 0.5096391036990703,
  "mrr@10": 0.5535687830687831,
  "ndcg@10": 0.387690171882103,
  "hit@5": 0.72,
  "hit@40": 0.9366666666666666,
  "candidate_hit@40": 0.9366666666666666,
  "candidate_recall@40": 0.5096391036990703,
  "final_hit@5": 0.72,
  "final_recall@10": 0.32716954047473296
}