{
  "query_count": 61,
  "no_qrels_query_count": 7,
  "recall@5": 0.29300393714149947,
  "recall@10": 0.37316917263460386,
  "recall@20": 0.4624195318421976,
  "recall@40": 0.5091408433176073,
  "recall@100": 0.6000110307843736,
  "mrr@10": 0.5570127504553734,
  "mrr@20": 0.5616983031348864,
  "mrr@40": 0.5621536765410795,
  "ndcg@10": 0.4145980598934616,
  "ndcg@20": 0.44966961573947384,
  "ndcg@40": 0.46219424387063185
}