{
  "query_count": 300,
  "no_qrels_query_count": 0,
  "recall@10": 0.31048167176194164,
  "recall@40": 0.5026882876585809,
  "mrr@10": 0.4998888888888889,
  "ndcg@10": 0.36183213787188556,
  "hit@5": 0.67,
  "hit@40": 0.9633333333333334,
  "candidate_hit@40": 0.9633333333333334,
  "candidate_recall@40": 0.5026882876585809,
  "final_hit@5": 0.67,
  "final_recall@10": 0.31048167176194164
}