{
  "query_count": 300,
  "no_qrels_query_count": 0,
  "recall@10": 0.44399340011840016,
  "recall@40": 0.5894789608539608,
  "mrr@10": 0.7122354497354497,
  "ndcg@10": 0.5087501744702891,
  "hit@5": 0.8833333333333333,
  "hit@40": 0.97,
  "candidate_hit@40": 0.97,
  "candidate_recall@40": 0.5894789608539608,
  "final_hit@5": 0.8833333333333333,
  "final_recall@10": 0.44399340011840016
}