{
  "query_count": 300,
  "no_qrels_query_count": 0,
  "recall@10": 0.4404206487956488,
  "recall@40": 0.5862905890405891,
  "mrr@10": 0.7162208994708995,
  "ndcg@10": 0.5079931121116413,
  "hit@5": 0.9066666666666666,
  "hit@40": 0.9733333333333334,
  "candidate_hit@40": 0.9733333333333334,
  "candidate_recall@40": 0.5862905890405891,
  "final_hit@5": 0.9066666666666666,
  "final_recall@10": 0.4404206487956488
}