{
  "query_count": 287,
  "no_qrels_query_count": 43,
  "recall@10": 0.41870107523665734,
  "recall@40": 0.6695242201180108,
  "mrr@10": 0.6327180465682207,
  "ndcg@10": 0.4575331413331238,
  "hit@5": 0.8327526132404182,
  "hit@40": 0.9860627177700348,
  "candidate_hit@40": 0.9860627177700348,
  "candidate_recall@40": 0.6695242201180108,
  "final_hit@5": 0.8327526132404182,
  "final_recall@10": 0.41870107523665734
}