{
    "query_count":  300,
    "no_qrels_query_count":  0,
    "recall@5":  0.11764099326599327,
    "recall@10":  0.2496,
    "recall@20":  0.19033489658489658,
    "recall@40":  0.3761,
    "recall@100":  0.3248679561179561,
    "mrr@10":  0.28552248677248676,
    "mrr@20":  0.29176024049050364,
    "mrr@40":  0.29464570076919105,
    "ndcg@10":  0.1722914029139554,
    "ndcg@20":  0.18732906532212773,
    "ndcg@40":  0.20579944644847734,
    "hit@5":  0.4,
    "hit@10":  0.4866666666666667
}
