{
    "query_count":  300,
    "no_qrels_query_count":  0,
    "recall@5":  0.11430765993265993,
    "recall@10":  0.252,
    "recall@20":  0.18771452621452622,
    "recall@40":  0.3703,
    "mrr@10":  0.2832473544973545,
    "mrr@20":  0.2882026733443142,
    "mrr@40":  0.2905178794029667,
    "ndcg@10":  0.17089641838085606,
    "ndcg@20":  0.18372634339011593,
    "ndcg@40":  0.19883270378045825,
    "hit@5":  0.3933333333333333,
    "hit@10":  0.49
}
