{
  "query_count": 300,
  "no_qrels_query_count": 0,
  "recall@5": 0.28973309370368194,
  "recall@10": 0.37227473262032085,
  "recall@20": 0.45676012821601053,
  "recall@40": 0.559043756624639,
  "recall@100": 0.6710205333881805,
  "mrr@10": 0.5696230158730159,
  "mrr@20": 0.5736135246762182,
  "mrr@40": 0.5750346222401325,
  "ndcg@10": 0.41380259516184503,
  "ndcg@20": 0.4514269800511434,
  "ndcg@40": 0.4885746053617414,
  "hit@5": 0.7666666666666667,
  "hit@10": 0.8733333333333333
}