{
  "query_count": 300,
  "no_qrels_query_count": 0,
  "recall@40": 0.5168065684315684,
  "mrr@10": 0.5955529100529101,
  "ndcg@10": 0.403114312416789
}