{
  "query_count": 300,
  "no_qrels_query_count": 0,
  "recall@5": 0.49684126984126986,
  "recall_new@5": 0.49684126984126986,
  "recall@10": 0.5805595238095238,
  "recall_new@10": 0.5805595238095238,
  "recall@40": 0.7010833333333333,
  "recall_new@40": 0.7010833333333333,
  "mrr@10": 0.8135873015873016,
  "ndcg@10": 0.5967695086886771,
  "hit@1": 0.71,
  "hit@5": 0.95,
  "hit@10": 0.98,
  "hit@40": 0.9933333333333333
}