{
  "query_count": 61,
  "no_qrels_query_count": 7,
  "recall@5": 0.2381023348236463,
  "recall@10": 0.34257149953871263,
  "recall@20": 0.44232798167224396,
  "recall@40": 0.5274267626726643,
  "recall@100": 0.62923333497104,
  "mrr@10": 0.4849271402550091,
  "mrr@20": 0.49284272194108264,
  "mrr@40": 0.49492160053457274,
  "ndcg@10": 0.36864635910953736,
  "ndcg@20": 0.4157672038529721,
  "ndcg@40": 0.44873770262893387
}