{
    "query_count":  300,
    "no_qrels_query_count":  0,
    "recall@5":  0.2996806758056758,
    "recall@10":  0.5034,
    "recall@20":  0.4339633607133608,
    "recall@40":  0.6438,
    "mrr@10":  0.6118465608465609,
    "mrr@20":  0.615431518773624,
    "mrr@40":  0.6169894782258364,
    "ndcg@10":  0.419697156955539,
    "ndcg@20":  0.44283536218651864,
    "ndcg@40":  0.45509577923465183,
    "hit@5":  0.7866666666666666,
    "hit@10":  0.86
}
