{
  "query_count": 300,
  "no_qrels_query_count": 0,
  "recall@10": 0.5383677248677249,
  "recall@40": 0.7688002645502646,
  "mrr@10": 0.6635661375661376,
  "ndcg@10": 0.5270770822716656,
  "hit@5": 0.8233333333333334,
  "hit@40": 0.9966666666666667,
  "candidate_hit@40": 0.9966666666666667,
  "candidate_recall@40": 0.7688002645502646,
  "final_hit@5": 0.8233333333333334,
  "final_recall@10": 0.5383677248677249
}