{
  "query_count": 61,
  "no_qrels_query_count": 7,
  "recall@10": 0.3465012374036381,
  "recall@40": 0.5290739387862923,
  "mrr@10": 0.6251951600312255,
  "ndcg@10": 0.43136632827498994,
  "hit@5": 0.8360655737704918,
  "hit@40": 0.9508196721311475,
  "candidate_hit@40": 0.9508196721311475,
  "candidate_recall@40": 0.5290739387862923,
  "final_hit@5": 0.8360655737704918,
  "final_recall@10": 0.3465012374036381
}