{
  "query_count": 300,
  "no_qrels_query_count": 50,
  "recall@5": 0.19226474632802312,
  "recall@10": 0.27198200689267005,
  "recall@20": 0.3535087672786578,
  "recall@40": 0.4420749400588073,
  "recall@100": 0.5450036939102224,
  "mrr@10": 0.5106494708994709,
  "mrr@20": 0.5158990421343362,
  "mrr@40": 0.5189351168960544,
  "ndcg@10": 0.3437584190243165,
  "ndcg@20": 0.37836331544125995,
  "ndcg@40": 0.41720232982325756
}