{
  "query_count": 300,
  "no_qrels_query_count": 0,
  "recall@40": 0.5265239066489067,
  "mrr@10": 0.6301706349206349,
  "ndcg@10": 0.44042821593235343
}