{
  "query_count": 1,
  "no_qrels_query_count": 0,
  "recall@5": 0.5,
  "recall@10": 0.5,
  "recall@20": 1.0,
  "recall@40": 1.0,
  "recall@100": 1.0,
  "mrr@10": 0.5,
  "mrr@20": 0.5,
  "mrr@40": 0.5,
  "ndcg@10": 0.38685280723454163,
  "ndcg@20": 0.5338931479009518,
  "ndcg@40": 0.5338931479009518
}