{
  "query_count": 300,
  "no_qrels_query_count": 0,
  "recall@10": 0.5513611111111111,
  "recall_new@10": 0.5513611111111111,
  "recall@40": 0.7666230158730158,
  "recall_new@40": 0.7666230158730158,
  "mrr@10": 0.6948095238095239,
  "ndcg@10": 0.5083644888361043,
  "hit@5": 0.8566666666666667,
  "hit@40": 0.9933333333333333,
  "candidate_hit@40": 0.9933333333333333,
  "candidate_recall@40": 0.7666230158730158,
  "final_hit@5": 0.8566666666666667,
  "final_recall@10": 0.5513611111111111
}