{
  "query_count": 1,
  "no_qrels_query_count": 0,
  "recall@5": 0.5,
  "recall@10": 1.0,
  "recall@20": 1.0,
  "recall@40": 1.0,
  "mrr@10": 0.2,
  "mrr@20": 0.2,
  "mrr@40": 0.2,
  "ndcg@10": 0.430624116386567,
  "ndcg@20": 0.430624116386567,
  "ndcg@40": 0.430624116386567
}