{
    "query_count":  300,
    "no_qrels_query_count":  0,
    "recall@5":  0.35568822843822845,
    "recall@10":  0.4194,
    "recall@40":  0.6779,
    "mrr@10":  0.745707671957672,
    "ndcg@10":  0.5058844325233203,
    "hit@5":  0.8833333333333333,
    "hit@40":  0.9633333333333334,
    "recall_new@40":  0.6778928571428571
}
