{
  "query_count": 300,
  "no_qrels_query_count": 0,
  "recall@5": 0.4728650793650794,
  "recall_new@5": 0.4728650793650794,
  "recall@10": 0.5550238095238096,
  "recall_new@10": 0.5550238095238096,
  "recall@40": 0.6778928571428571,
  "recall_new@40": 0.6778928571428571,
  "mrr@10": 0.745707671957672,
  "ndcg@10": 0.5058844325233203,
  "hit@1": 0.6466666666666666,
  "hit@5": 0.8833333333333333,
  "hit@10": 0.92,
  "hit@40": 0.9633333333333334
}