{
  "query_count": 300,
  "no_qrels_query_count": 0,
  "recall@5": 0.45754761904761904,
  "recall_new@5": 0.45754761904761904,
  "recall@10": 0.5530119047619048,
  "recall_new@10": 0.5530119047619048,
  "recall@40": 0.7648531746031746,
  "recall_new@40": 0.7648531746031746,
  "mrr@10": 0.7113875661375662,
  "ndcg@10": 0.552608374169165,
  "hit@1": 0.5733333333333334,
  "hit@5": 0.89,
  "hit@10": 0.9533333333333334,
  "hit@40": 1.0
}