{
    "query_count":  300,
    "no_qrels_query_count":  0,
    "recall@5":  0.37724558584117407,
    "recall@10":  0.4774,
    "recall@40":  0.7649,
    "mrr@10":  0.7113875661375662,
    "ndcg@10":  0.552608374169165,
    "hit@5":  0.89,
    "hit@40":  1.0,
    "recall_new@40":  0.7648531746031746
}
