{
  "query_count": 300,
  "no_qrels_query_count": 0,
  "recall@5": 0.3145518648018648,
  "recall@10": 0.38795133570133566,
  "recall@20": 0.4377465867465868,
  "recall@40": 0.46576811151811154,
  "mrr@10": 0.6722407407407407,
  "mrr@20": 0.6753428849845258,
  "mrr@40": 0.6758022705064114,
  "ndcg@10": 0.4532169887617644,
  "ndcg@20": 0.4743114682942667,
  "ndcg@40": 0.4821083740212711,
  "hit@5": 0.83,
  "hit@10": 0.9033333333333333
}