{
    "query_count":  300,
    "no_qrels_query_count":  0,
    "recall@5":  0.341790959040959,
    "recall@10":  0.4125,
    "recall@40":  0.6806,
    "mrr@10":  0.7309801587301588,
    "ndcg@10":  0.49633587198080364,
    "hit@5":  0.88,
    "hit@40":  0.95,
    "recall_new@40":  0.6806428571428572
}
