{
  "query_count": 300,
  "no_qrels_query_count": 0,
  "recall@5": 0.4655039682539682,
  "recall_new@5": 0.4655039682539682,
  "recall@10": 0.5510238095238095,
  "recall_new@10": 0.5510238095238095,
  "recall@40": 0.6806428571428572,
  "recall_new@40": 0.6806428571428572,
  "mrr@10": 0.7309801587301588,
  "ndcg@10": 0.49633587198080364,
  "hit@1": 0.63,
  "hit@5": 0.88,
  "hit@10": 0.9233333333333333,
  "hit@40": 0.95
}