{
  "query_count": 3,
  "no_qrels_query_count": 0,
  "recall@10": 0.47474747474747475,
  "recall@40": 0.9646464646464646,
  "recall@100": 1.0782828282828283,
  "mrr@10": 0.5,
  "ndcg@10": 0.39904586961943744
}