{
  "query_count": 287,
  "no_qrels_query_count": 43,
  "recall@5": 0.2354211348354346,
  "recall@10": 0.3331667233413709,
  "recall@20": 0.41810177519484865,
  "recall@40": 0.5162542658232565,
  "recall@100": 0.6392715906498391,
  "mrr@10": 0.5111055804435596,
  "mrr@20": 0.5171962184157306,
  "mrr@40": 0.520151655904748,
  "ndcg@10": 0.36210070075978,
  "ndcg@20": 0.40062634074000536,
  "ndcg@40": 0.43582663696728724
}