{
  "query_count": 2,
  "no_qrels_query_count": 0,
  "recall@5": 1.0,
  "recall@10": 1.0,
  "recall@20": 1.0,
  "recall@40": 1.0,
  "recall@100": 1.0,
  "mrr@10": 0.75,
  "mrr@20": 0.75,
  "mrr@40": 0.75,
  "ndcg@10": 0.8154648767857288,
  "ndcg@20": 0.8154648767857288,
  "ndcg@40": 0.8154648767857288
}