{
  "query_count": 300,
  "no_qrels_query_count": 0,
  "recall@5": 0.4132903485403485,
  "recall@10": 0.5133647833647834,
  "recall@40": 0.5890048285048285,
  "mrr@10": 0.672265873015873,
  "ndcg@10": 0.5493914013183409,
  "hit@1": 0.5033333333333333,
  "hit@5": 0.9066666666666666,
  "hit@10": 0.9566666666666667,
  "hit@40": 0.9733333333333334,
  "recall_new@40": 0.6373253968253968
}