{
  "query_count": 300,
  "no_qrels_query_count": 0,
  "recall@5": 0.4742738095238095,
  "recall_new@5": 0.4742738095238095,
  "recall@10": 0.5742023809523809,
  "recall_new@10": 0.5742023809523809,
  "recall@40": 0.6373253968253968,
  "recall_new@40": 0.6373253968253968,
  "mrr@10": 0.672265873015873,
  "ndcg@10": 0.5493914013183409,
  "hit@1": 0.5033333333333333,
  "hit@5": 0.9066666666666666,
  "hit@10": 0.9566666666666667,
  "hit@40": 0.9733333333333334
}