{
  "query_count": 300,
  "no_qrels_query_count": 0,
  "recall@10": 0.42867632367632363,
  "recall@40": 0.6616484071484071,
  "mrr@10": 0.6895092592592593,
  "ndcg@10": 0.47462309682176546,
  "hit@5": 0.8433333333333334,
  "hit@40": 0.9666666666666667,
  "candidate_hit@40": 0.9666666666666667,
  "candidate_recall@40": 0.6616484071484071,
  "final_hit@5": 0.8433333333333334,
  "final_recall@10": 0.42867632367632363
}