{
  "query_count": 300,
  "no_qrels_query_count": 0,
  "recall@5": 0.29381636092665503,
  "recall@10": 0.38614674486733314,
  "recall@20": 0.46569683040271276,
  "recall@40": 0.556387796299561,
  "recall@100": 0.6681002004531416,
  "mrr@10": 0.631611111111111,
  "mrr@20": 0.6348936896436896,
  "mrr@40": 0.6353346067512734,
  "ndcg@10": 0.44485640940961674,
  "ndcg@20": 0.4822383553755919,
  "ndcg@40": 0.5166468767695777,
  "hit@5": 0.8233333333333334,
  "hit@10": 0.92
}