{
  "query_count": 300,
  "no_qrels_query_count": 0,
  "recall@10": 0.44405893643393646,
  "recall@40": 0.6619183686683686,
  "mrr@10": 0.6980198412698413,
  "ndcg@10": 0.4931549952432498,
  "hit@5": 0.8866666666666667,
  "hit@40": 0.9633333333333334,
  "candidate_hit@40": 0.9633333333333334,
  "candidate_recall@40": 0.6619183686683686,
  "final_hit@5": 0.8866666666666667,
  "final_recall@10": 0.44405893643393646
}